actual,proposed
0.30000463128089905,0.20000000298023224
0.3015044629573822,0.20000000298023224
0.30300432443618774,0.20000000298023224
0.3045041859149933,0.20000000298023224
0.30600404739379883,0.20000000298023224
0.30750390887260437,0.20000000298023224
0.3090038001537323,0.20000000298023224
0.15238399803638458,0.19854938983917236
0.15276455879211426,0.19735626876354218
0.15529286861419678,0.19618546962738037
0.15776026248931885,0.19502411782741547
0.1601690798997879,0.1938740760087967
0.15519747138023376,0.19269058108329773
0.1531791090965271,0.19147437810897827
0.1467219442129135,0.19025947153568268
0.13588865101337433,0.18898425996303558
0.12945690751075745,0.18769265711307526
0.11864502727985382,0.18634247779846191
0.10351292043924332,0.1849106103181839
0.0841178223490715,0.18336482346057892
0.06923216581344604,0.1817396730184555
0.05006934329867363,0.18000581860542297
0.026684356853365898,0.17813119292259216
0.003488851711153984,0.17615248262882233
0.0,0.17401790618896484
0.0,0.17174836993217468
0.0,0.16929253935813904
0.0,0.16665112972259521
0.0,0.16386665403842926
0.0,0.1609378457069397
0.0,0.15787184238433838
0.0,0.1546710729598999
0.0,0.15137258172035217
0.0,0.14794425666332245
0.0,0.14438778162002563
0.0,0.14077474176883698
0.0,0.13707129657268524
0.0,0.13328219950199127
0.0,0.12944035232067108
0.0,0.1255125105381012
0.0,0.12153425812721252
0.0,0.1175379753112793
0.0,0.11349237710237503
0.0,0.109429270029068
0.0,0.10537952929735184
0.0,0.10131002217531204
0.0,0.09725428372621536
0.0,0.09320970624685287
0.0,0.08917409181594849
0.0,0.0851471796631813
0.0,0.08116132020950317
0.0,0.07727817445993423
0.0,0.07352269440889359
0.0,0.06992633640766144
0.0,0.06644956022500992
0.0,0.06308726966381073
0.0,0.05983544513583183
0.0,0.0566905178129673
0.0,0.05367908626794815
0.0,0.05076504498720169
0.0,0.0
0.0,0.0
0.0,0.0
0.0,0.0
0.0,0.0
0.0,0.1291709691286087
0.0,0.12793417274951935
0.0,0.12688270211219788
0.00997406430542469,0.12597711384296417
0.022319070994853973,0.1251814365386963
0.043141577392816544,0.12455512583255768
0.05925390496850014,0.12406285852193832
0.075090691447258,0.1236962229013443
0.09938178211450577,0.12351623177528381
0.11894083023071289,0.12348783761262894
0.1294858455657959,0.12353891134262085
0.15294551849365234,0.12376543879508972
0.1629919409751892,0.12406463921070099
0.17725719511508942,0.12446340173482895
0.19132819771766663,0.12495706975460052
0.20085477828979492,0.12551812827587128
0.20590564608573914,0.12610559165477753
0.2109055519104004,0.12672342360019684
0.22021591663360596,0.12740127742290497
0.2207016497850418,0.1280687153339386
0.22556547820568085,0.1287616640329361
0.2260282337665558,0.1294490247964859
0.22215233743190765,0.13009566068649292
0.21835651993751526,0.13070501387119293
0.20591920614242554,0.13121306896209717
0.20239366590976715,0.13168606162071228
0.1858556866645813,0.13202998042106628
0.17391927540302277,0.13228070735931396
0.1577950268983841,0.132409930229187
0.13753558695316315,0.13238757848739624
0.11754992604255676,0.132219135761261
0.09782540798187256,0.13190948963165283
0.07399089634418488,0.1314304918050766
0.04609508067369461,0.130754292011261
0.018543172627687454,0.1298881471157074
3.7017241993453354e-05,0.12890225648880005
0.0,0.12758709490299225
0.0,0.12601087987422943
0.0,0.12418710440397263
0.0,0.12214464694261551
0.0,0.1200161799788475
0.0,0.11754907667636871
0.0,0.11491071432828903
0.0,0.11207877099514008
0.0,0.10905543714761734
0.0,0.10597509890794754
0.0,0.10258322209119797
0.0,0.0990152508020401
0.0,0.09530987590551376
0.0,0.09147047996520996
0.0,0.08753284066915512
0.0,0.08349896222352982
0.0,0.07937107980251312
0.0,0.0752805843949318
0.0,0.07128975540399551
0.0,0.0
0.0,0.0
0.0,0.0
0.0,0.0
0.0,0.0
0.0,0.0
0.0,0.0
0.0,0.0
0.0,0.0
0.0,0.0
0.0,0.12618020176887512
0.0,0.12384241819381714
0.0,0.12165667861700058
0.0,0.11962304264307022
0.0,0.11771516501903534
0.0,0.11595091223716736
0.0,0.11431586742401123
0.0,0.11284031718969345
0.0,0.11151662468910217
0.0,0.11034084856510162
0.0,0.10930710285902023
0.0,0.10841161012649536
0.0,0.10761651396751404
0.0,0.1068863794207573
0.0,0.1062510535120964
0.0,0.10570758581161499
0.0,0.10525299608707428
0.004526791628450155,0.10488481819629669
0.014730039983987808,0.10460034012794495
0.024763567373156548,0.10439331829547882
0.030275912955403328,0.10423071682453156
0.031334370374679565,0.10408132523298264
0.036721475422382355,0.10397467762231827
0.037659935653209686,0.10387758910655975
0.03857304900884628,0.10378990322351456
0.04817967116832733,0.1037788987159729
0.05328323692083359,0.10379935801029205
0.06266822665929794,0.10389801859855652
0.05884190648794174,0.10395723581314087
0.050709523260593414,0.10396046936511993
0.03832881897687912,0.10387296974658966
0.030473140999674797,0.10372911393642426
0.027074240148067474,0.10356324911117554
0.019349420443177223,0.10334417223930359
0.01607506535947323,0.1031055748462677
0.012827565893530846,0.10284725576639175
0.013964492827653885,0.10260216146707535
0.006347143556922674,0.10230598598718643
0.0031744157895445824,0.10199233889579773
2.2924399672774598e-05,0.10166120529174805
0.0,0.10131397098302841
0.0,0.10091741383075714
0.0,0.10050654411315918
0.0,0.1000489592552185
0.0,0.099577896296978
0.24316257238388062,0.20000000298023224
0.24158048629760742,0.20000000298023224
0.240006223320961,0.19960765540599823
0.238438680768013,0.19976210594177246
0.2412363886833191,0.1999334692955017
0.23962022364139557,0.20000000298023224
0.23801171779632568,0.19945791363716125
0.23641033470630646,0.1996079534292221
0.23481501638889313,0.19972194731235504
0.2332252711057663,0.19983604550361633
0.23164063692092896,0.19993676245212555
0.22570110857486725,0.19999738037586212
0.21546685695648193,0.19998052716255188
0.2053537666797638,0.19989554584026337
0.19535592198371887,0.19973386824131012
0.18110856413841248,0.19947870075702667
0.16702581942081451,0.19912110269069672
0.15309925377368927,0.1986744999885559
0.13932135701179504,0.19813133776187897
0.12132584303617477,0.19747060537338257
0.10352461785078049,0.19668948650360107
0.08154941350221634,0.1957629770040512
0.06416923552751541,0.19472642242908478
0.03823497146368027,0.19352169334888458
0.012577012181282043,0.19214695692062378
0.0,0.19058412313461304
0.0,0.18885578215122223
0.0,0.1869533807039261
0.0,0.18487420678138733
0.0,0.1825813502073288
0.0,0.180092453956604
0.0,0.1774446964263916
0.0,0.17467203736305237
0.0,0.17171335220336914
0.0,0.16857489943504333
0.0,0.1652926653623581
0.0,0.16193659603595734
0.0,0.15850917994976044
0.0,0.15497364103794098
0.0,0.15133917331695557
0.0,0.14760488271713257
0.0,0.14377433061599731
0.0,0.1399136334657669
0.0,0.13599084317684174
0.0,0.13203947246074677
0.0,0.20000000298023224
0.0,0.20000000298023224
0.0,0.20000000298023224
0.0,0.20000000298023224
0.0,0.20000000298023224
0.0,0.20000000298023224
0.0,0.20000000298023224
0.0,0.20000000298023224
0.0,0.20000000298023224
0.0,0.1971452683210373
0.0,0.19456298649311066
0.0,0.19207949936389923
0.0,0.18972745537757874
0.0,0.18754057586193085
0.0,0.18545958399772644
0.0,0.18346689641475677
0.0,0.18152303993701935
0.0,0.17965926229953766
0.0,0.17786754667758942
0.0,0.1761160045862198
0.0,0.1744350641965866
0.0,0.1727902889251709
0.0,0.17114683985710144
0.0,0.16950435936450958
0.0,0.16786496341228485
0.0,0.1662832349538803
0.0,0.16473639011383057
0.0,0.16321566700935364
0.0,0.16169169545173645
0.0,0.16012969613075256
0.09990354627370834,0.20000000298023224
0.0964675024151802,0.20000000298023224
0.10171008110046387,0.20000000298023224
0.10679329186677933,0.20000000298023224
0.1073642298579216,0.20000000298023224
0.11220724880695343,0.20000000298023224
0.11254680156707764,0.20000000298023224
0.1171669065952301,0.20000000298023224
0.1172918826341629,0.20000000298023224
0.11734601855278015,0.20000000298023224
0.12169082462787628,0.20000000298023224
0.11719101667404175,0.20000000298023224
0.11269049346446991,0.20000000298023224
0.10382921248674393,0.20000000298023224
0.0993848368525505,0.20000000298023224
0.09493425488471985,0.20000000298023224
0.0861181765794754,0.20000000298023224
0.07735525071620941,0.20000000298023224
0.06864213943481445,0.20000000298023224
0.05561661347746849,0.20000000298023224
0.04269520938396454,0.20000000298023224
0.029871657490730286,0.20000000298023224
0.021500252187252045,0.20000000298023224
0.013155543245375156,0.20000000298023224
0.004835963249206543,0.20000000298023224
0.18126925826072693,0.20000000298023224
0.17852817475795746,0.20000000298023224
0.17804427444934845,0.20000000298023224
0.17546765506267548,0.20000000298023224
0.17300528287887573,0.20000000298023224
0.15865902602672577,0.20000000298023224
0.14754478633403778,0.20000000298023224
0.13648511469364166,0.20000000298023224
0.12547548115253448,0.20000000298023224
0.11015394330024719,0.20000000298023224
0.09057701379060745,0.20000000298023224
0.07987604290246964,0.20000000298023224
0.0648445338010788,0.20000000298023224
0.04553968459367752,0.20000000298023224
0.030735261738300323,0.20000000298023224
0.016003474593162537,0.20000000298023224
0.00569842429831624,0.20000000298023224
0.0,0.20000000298023224
0.0,0.20000000298023224
0.0,0.20000000298023224
0.0,0.20000000298023224
0.0,0.20000000298023224
0.0,0.20000000298023224
0.0,0.20000000298023224
0.0,0.20000000298023224
0.0,0.20000000298023224
0.0,0.20000000298023224
0.0,0.20000000298023224
0.0,0.20000000298023224
0.0,0.20000000298023224
0.0,0.20000000298023224
0.0,0.20000000298023224
0.0,0.20000000298023224
0.0,0.20000000298023224
0.0,0.20000000298023224
0.0,0.19736707210540771
0.0,0.19469866156578064
0.0,0.1920643150806427
0.0,0.1894344687461853
0.0,0.18684068322181702
0.0,0.18431192636489868
0.0,0.18188022077083588
0.0,0.1795073002576828
0.0,0.177095428109169
0.0,0.17470940947532654
0.0,0.17247509956359863
0.0,0.17035894095897675
0.0,0.16825330257415771
0.0,0.16616547107696533
0.0,0.1640537977218628
0.0,0.16201891005039215
0.0,0.1600281447172165
0.0,0.15804462134838104
0.0,0.15613648295402527
0.0,0.15428972244262695
0.0,0.15248079597949982
0.0,0.15070293843746185
0.0,0.1489577293395996
0.0,0.14724138379096985
0.0,0.14549094438552856
0.0,0.14376519620418549
0.0,0.1421019285917282
0.0,0.14043104648590088
0.0,0.13878537714481354
0.0,0.1371961534023285
0.0,0.13566060364246368
0.0,0.13414661586284637
0.0,0.13268084824085236
0.0,0.1312336027622223
0.0,0.12980149686336517
0.0,0.12844935059547424
0.0,0.12714166939258575
0.0,0.12584464251995087
0.0,0.12458983808755875
0.0,0.12331100553274155
0.0,0.1220409944653511
0.0,0.12074694037437439
0.0,0.11942941695451736
0.0,0.11812090128660202
0.0,0.11682117730379105
0.0,0.11562608927488327
0.0,0.11446883529424667
0.0,0.11331386864185333
0.0,0.11222615838050842
0.0,0.11117137223482132
0.0,0.11014742404222488
0.0,0.1091865599155426
0.0,0.1082533672451973
0.0,0.10731476545333862
0.0,0.10640320181846619
0.0,0.10551745444536209
0.0,0.10465619713068008
0.0,0.10375513136386871
0.0,0.10294334590435028
0.0,0.10221821069717407
0.0,0.10147926956415176
0.0,0.10076062381267548
0.0,0.10006015747785568
0.0,0.0
0.0,0.0
0.0,0.0
0.0,0.0
0.0,0.0
0.0,0.0
0.0,0.0
0.0,0.0
0.0,0.0
0.0,0.0
0.0,0.0
0.0,0.0
0.0,0.0
0.0,0.0
0.0,0.0
0.0,0.0
0.0,0.0
0.0,0.0
0.0,0.0
0.0,0.0
0.0,0.0
0.0,0.0
0.0,0.0
0.0,0.0
0.0,0.0
0.0,0.0
0.0,0.0
0.0,0.0
0.0,0.0
0.0,0.0
0.0,0.0
0.0,0.0
0.0,0.0
0.0,0.0
0.0,0.0
0.0,0.0
0.0,0.0
0.0,0.0
0.0,0.0
0.0,0.0
0.0,0.0
0.0,0.0
0.0,0.0
0.0,0.0
0.0,0.0
0.0,0.0
0.0,0.0
0.0,0.0
0.0,0.0
0.0,0.0
0.0,0.0
0.0,0.0
0.0,0.0
0.0,0.0
0.0,0.0
0.0,0.0
0.0,0.0
0.0,0.0
0.0,0.0
0.0,0.0
0.0,0.0
0.0,0.0
0.0,0.0
0.0,0.0
0.0,0.0
0.0,0.0
0.0,0.0
0.0,0.0
0.0,0.0
0.0,0.0
0.0,0.0
0.0,0.0
0.0,0.0
0.0,0.0
0.0,0.0
0.0,0.0
0.0,0.0
0.0,0.0
0.0,0.0
0.0,0.0
0.0,0.0
0.0,0.0
0.0,0.0
0.0,0.0
0.0,0.0
0.0,0.0
0.0,0.0
0.0,0.0
0.0,0.0
0.0,0.0
0.0,0.0
0.0,0.0
0.0,0.0
0.0,0.0
0.0,0.0
0.034712374210357666,0.0
0.042439479380846024,0.0
0.04572610557079315,0.0
0.040277235209941864,0.0
0.030574148520827293,0.0
0.029749134555459023,0.0
0.04203343018889427,0.0
0.04980923980474472,0.10032974183559418
0.053143613040447235,0.10077724605798721
0.05210097134113312,0.10124117881059647
0.05546088144183159,0.10168898105621338
0.05880187451839447,0.10215353220701218
0.06212584301829338,0.10263445228338242
0.0523567870259285,0.10313130170106888
0.05147133022546768,0.10354682058095932
0.05498243495821953,0.10394828766584396
0.04975228011608124,0.10436850786209106
0.044619932770729065,0.10474244505167007
0.04394059255719185,0.10507163405418396
0.03893176466226578,0.10538989305496216
0.03401174023747444,0.10566534847021103
0.024817639961838722,0.10589941591024399
0.015765562653541565,0.10606125742197037
0.011207487434148788,0.10615319758653641
0.006718310993164778,0.10620976239442825
0.0,0.10623209178447723
0.0,0.1061890497803688
0.0,0.10608270019292831
0.0,0.10594730079174042
0.0,0.10575153678655624
0.0,0.10546498745679855
0.0,0.10512281954288483
0.0,0.10475892573595047
0.0,0.10437407344579697
0.0,0.10396871715784073
0.0,0.10354349762201309
0.0,0.10306669771671295
0.0,0.10250749439001083
0.0,0.10186861455440521
0.0,0.1011524498462677
0.0,0.10036104917526245
0.0,0.0
0.0,0.0
0.0,0.0
0.0,0.0
0.0,0.0
0.0,0.0
0.0,0.0
0.0,0.0
0.0,0.0
0.0,0.0
0.0,0.0
0.0,0.0
0.0,0.0
0.0,0.0
0.0,0.0
0.0,0.0
0.0,0.0
0.0,0.0
0.0,0.0
0.0,0.0
0.0,0.0
0.0,0.0
0.0,0.0
0.0,0.0
0.0,0.0
0.0,0.0
0.0,0.0
0.0,0.0
0.0,0.0
0.0,0.0
0.0,0.0
0.0,0.0
0.0,0.0
0.0,0.0
0.0,0.0
0.0,0.0
0.0,0.0
0.0,0.0
0.0,0.0
0.0,0.0
0.0,0.0
0.0,0.0
0.0,0.0
0.0,0.0
0.0,0.0
0.0,0.0
0.0,0.0
0.0,0.0
0.0,0.0
0.0,0.0
0.0,0.0
0.0,0.0
0.0,0.0
0.0,0.0
0.0,0.0
0.0,0.0
0.0,0.0
0.0,0.0
0.0,0.0
0.0,0.0
0.0,0.0
0.0,0.0
0.0,0.0
0.0,0.0
0.0,0.0
0.0,0.0
0.0,0.0
0.0,0.0
0.0,0.0
0.0,0.0
0.0,0.0
0.0,0.0
0.0,0.0
0.0,0.0
0.0677979439496994,0.0
0.07433285564184189,0.0
0.0764719769358635,0.0
0.08735580742359161,0.0
0.10250319540500641,0.0
0.1087823435664177,0.0
0.11068019270896912,0.0
0.12133555859327316,0.0
0.12319118529558182,0.0
0.1294489949941635,0.0
0.13568836450576782,0.0
0.1331927627325058,0.0
0.13080254197120667,0.0
0.1328723132610321,0.0
0.13933855295181274,0.0
0.13706238567829132,0.0
0.1305254101753235,0.0
0.12414328008890152,0.0
0.1179099753499031,0.0
0.11181861162185669,0.0
0.10586366802453995,0.0
0.09568043053150177,0.0
0.08132421970367432,0.0
0.06720569729804993,0.0
0.05767383426427841,0.0
0.04394052177667618,0.0
0.03041752427816391,0.09218601137399673
0.017096206545829773,0.09221524745225906
0.0,0.09214676916599274
0.0,0.0
0.0,0.0
0.0,0.0
0.0,0.0
0.0,0.0
0.0,0.0
0.0,0.0
0.0,0.0
0.0,0.0
0.0,0.0
0.0,0.0
0.0,0.0
0.0,0.0
0.0,0.0
0.0,0.0
0.0,0.0
0.0,0.0
0.0,0.0
0.0,0.0
0.0,0.0
0.0,0.0
0.0,0.0
0.0,0.0
0.0,0.0
0.0,0.0
0.0,0.0
0.0,0.0
0.0,0.0
0.0,0.0
0.0,0.0
0.0,0.0
0.0,0.0
0.0,0.0
0.0,0.0
0.0,0.0
0.0,0.0
0.0,0.0
0.0,0.0
0.0,0.0
0.0,0.0
0.0,0.0
0.0,0.0
0.0,0.0
0.0,0.0
0.0,0.0
0.0,0.0
0.0,0.0
0.0,0.0
0.0,0.0
0.0,0.0
0.0,0.0
0.0,0.0
0.0,0.0
0.0,0.0
0.0,0.0
0.0,0.0
0.0,0.0
0.0,0.0
0.0,0.0
0.0,0.0
0.0,0.0
0.0,0.0
0.0,0.0
0.0,0.0
0.0,0.0
0.0,0.0
0.0,0.0
0.0,0.0
0.0,0.0
0.0,0.0
0.0,0.0
0.0,0.0
0.0,0.0
0.0,0.0
0.05735292285680771,0.0
0.06851090490818024,0.0
0.07520212233066559,0.0
0.07749313861131668,0.0
0.09288216382265091,0.0
0.1037522628903389,0.0
0.11017131805419922,0.0
0.11656320840120316,0.0
0.11857152730226517,0.0
0.1293351948261261,0.0
0.131296306848526,0.0
0.133297860622406,0.0
0.13969850540161133,0.0
0.1417182832956314,0.0
0.15249602496623993,0.0
0.15447445213794708,0.0
0.15649643540382385,0.0
0.14984267950057983,0.0
0.14770986139774323,0.0
0.14567187428474426,0.0
0.1480841338634491,0.08115901798009872
0.13744661211967468,0.08207990229129791
0.12265827506780624,0.08287473022937775
0.10812894254922867,0.08354774862527847
0.09820716083049774,0.08413536846637726
0.08410287648439407,0.08460798859596252
0.07022862136363983,0.08496958017349243
0.043496787548065186,0.08512670546770096
0.025873618200421333,0.08515074104070663
0.012862449511885643,0.08507823944091797
0.0,0.08487971127033234
0.0,0.0846240445971489
0.0,0.08428037166595459
0.0,0.08381947129964828
0.0,0.0832771584391594
0.0,0.08268812298774719
0.0,0.08198928833007812
0.0,0.08124852925539017
0.0,0.0
0.0,0.0
0.0,0.0
0.0,0.0
0.0,0.0
0.0,0.0
0.0,0.0
0.0,0.0
0.0,0.0
0.0,0.0
0.0,0.0
0.0,0.0
0.0,0.0
0.0,0.0
0.0,0.0
0.0,0.0
0.0,0.0
0.0,0.0
0.0,0.0
0.0,0.0
0.0,0.0
0.0,0.0
0.0,0.0
0.0,0.0
0.0,0.0
0.0,0.0
0.0,0.0
0.0,0.0
0.0,0.0
0.0,0.0
0.0,0.0
0.0,0.0
0.0,0.0
0.0,0.0
0.0,0.0
0.0,0.0
0.0,0.0
0.0,0.0
0.0,0.0
0.0,0.0
0.0,0.0
0.0,0.0
0.0,0.0
0.0,0.0
0.0,0.0
0.0,0.0
0.0,0.0
0.0,0.0
0.0,0.0
0.0,0.0
0.0,0.0
0.0,0.0
0.0,0.0
0.0,0.0
0.0,0.0
0.0,0.0
0.0,0.0
0.0,0.0
0.0,0.0
0.0,0.0
0.0,0.0
0.0,0.0
0.0,0.0
0.0,0.0
0.0,0.0
0.0,0.0
0.0,0.0
0.0,0.0
0.0,0.0
0.0,0.0
0.0,0.0
0.0,0.0
0.0,0.0
0.0,0.0
0.0,0.0
0.05711790919303894,0.0
0.06836885213851929,0.0
0.07515062391757965,0.0
0.08188779652118683,0.0
0.08858257532119751,0.0
0.09523817896842957,0.0
0.10621563345193863,0.0
0.12145646661520004,0.0
0.12782889604568481,0.0
0.1341785043478012,0.0
0.13614873588085175,0.0
0.13380125164985657,0.0
0.13155430555343628,0.0
0.13376307487487793,0.0
0.12728634476661682,0.0
0.1253211796283722,0.0
0.12344185262918472,0.0
0.12164505571126938,0.0
0.12428665906190872,0.0
0.11822612583637238,0.0
0.11230210214853287,0.06907721608877182
0.10650929063558578,0.0697796493768692
0.1008414775133133,0.0704275444149971
0.09093475341796875,0.0709904134273529
0.08556254208087921,0.07150348275899887
0.07593914121389389,0.07193610072135925
0.0664786696434021,0.07229098677635193
0.06153339892625809,0.07260295748710632
0.05667704716324806,0.07287340611219406
0.04754673317074776,0.07307153940200806
0.04291759058833122,0.07323188334703445
0.03836313262581825,0.0733557641506195
0.03388042375445366,0.07344423979520798
0.029466282576322556,0.07349861413240433
0.016399947926402092,0.07345542311668396
0.003516565542668104,0.07331762462854385
0.0,0.07312069833278656
0.0,0.07276952266693115
0.0,0.07226908951997757
0.0,0.07172077894210815
0.0,0.07115829735994339
0.0,0.07061424851417542
0.0,0.07002341747283936
0.0,0.06938712298870087
0.0,0.0
0.0,0.0
0.0,0.0
0.0,0.0
0.0,0.0
0.0,0.0
0.0,0.0
0.0,0.0
0.0,0.0
0.0,0.0
0.0,0.0
0.0,0.0
0.0,0.0
0.0,0.0
0.0,0.0
0.0,0.0
0.0,0.0
0.0,0.0
0.0,0.0
0.0,0.0
0.0,0.0
0.0,0.0
0.0,0.0
0.0,0.0
0.0,0.0
0.0,0.0
0.0,0.0
0.0,0.0
0.0,0.0
0.0,0.0
0.0,0.0
0.0,0.0
0.0,0.0
0.0,0.0
0.0,0.0
0.0,0.0
0.0,0.0
0.0,0.0
0.0,0.0
0.0,0.0
0.0,0.0
0.0,0.0
0.0,0.0
0.0,0.0
0.0,0.0
0.0,0.0
0.0,0.0
0.0,0.0
0.0,0.0
0.0,0.0
0.0,0.0
0.0,0.0
0.0,0.0
0.0,0.0
0.0,0.0
0.0,0.0
0.0,0.0
0.033604901283979416,0.0
0.0411984920501709,0.0
0.04435552656650543,0.0
0.05185791477560997,0.0
0.05928792804479599,0.0
0.06664884090423584,0.0
0.06958475708961487,0.0
0.0812373012304306,0.0
0.08404967933893204,0.0
0.0825076699256897,0.0
0.08538999408483505,0.0
0.08827470242977142,0.0
0.08680310845375061,0.0
0.08975360542535782,0.0
0.08834606409072876,0.0
0.08699991554021835,0.0
0.09007184952497482,0.0
0.10621725022792816,0.0
0.10910096764564514,0.0
0.10763177275657654,0.06377814710140228
0.10622891038656235,0.06450235098600388
0.10924886912107468,0.06523594260215759
0.11226977407932281,0.06597874313592911
0.11093297600746155,0.0666981041431427
0.10529924184083939,0.06736303120851517
0.10414464771747589,0.06800747662782669
0.09432701766490936,0.06856782734394073
0.08468235284090042,0.0690467581152916
0.07520350813865662,0.06944705545902252
0.07024227827787399,0.06980322301387787
0.06537266075611115,0.07011732459068298
0.06494900584220886,0.07042288780212402
0.06454848498106003,0.07072002440690994
0.0554521419107914,0.07094454020261765
0.042138926684856415,0.07106642425060272
0.033381350338459015,0.07112166285514832
0.02475040778517723,0.07111221551895142
0.01188170351088047,0.07100775092840195
0.007907581515610218,0.07087591290473938
0.0,0.07065305858850479
0.0,0.07040655612945557
0.0,0.07010457664728165
0.0,0.06974918395280838
0.0,0.06937400996685028
0.0,0.06894757598638535
0.0,0.06853574514389038
0.0,0.06807360798120499
0.0,0.06753034889698029
0.0,0.06697280704975128
0.0,0.06633703410625458
0.0,0.06565749645233154
0.0,0.06493552029132843
0.0,0.0
0.0,0.0
0.0,0.0
0.0,0.0
0.0,0.0
0.0,0.0
0.0,0.0
0.0,0.0
0.0,0.0
0.0,0.0
0.0,0.0
0.0,0.0
0.0,0.0
0.0,0.0
0.0,0.0
0.0,0.0
0.0,0.0
0.0,0.0
0.0,0.0
0.0,0.0
0.0,0.0
0.0,0.0
0.0,0.0
0.0,0.0
0.0,0.0
0.0,0.0
0.0,0.0
0.0,0.0
0.0,0.0
0.0,0.0
0.0,0.0
0.0,0.0
0.0,0.0
0.0,0.0
0.0,0.0
0.0,0.0
0.0,0.0
0.0,0.0
0.0,0.0
0.0,0.0
0.0,0.0
0.0,0.0
0.0,0.0
0.0,0.0
0.0,0.0
0.0,0.0
0.0,0.0
0.0,0.0
0.0,0.0
0.0,0.0
0.0,0.0
0.0,0.0
0.0,0.0
0.0,0.0
0.0,0.0
0.0,0.0
0.0,0.0
0.0,0.0
0.0,0.0
0.0,0.0
0.0,0.0
0.0,0.0
0.0,0.0
0.0,0.0
0.0,0.0
0.0,0.0
0.0,0.0
0.0,0.0
0.0,0.0
0.0,0.0
0.0,0.0
0.0,0.0
0.0,0.0
0.0,0.0
0.0,0.0
0.0,0.0
0.0,0.0
0.0,0.0
0.0,0.0
0.0,0.0
0.0,0.0
0.0,0.0
0.0,0.0
0.0,0.0
0.0,0.0
0.0,0.0
0.0,0.0
0.0,0.0
0.0,0.0
0.0,0.0
0.0,0.0
0.0,0.0
0.0,0.0
0.0,0.0
0.0,0.0
0.0,0.0
0.0,0.0
0.0,0.0
0.0,0.0
0.0,0.0
0.0,0.0
0.0,0.0
0.0,0.0
0.0,0.0
0.0,0.0
0.0,0.0
0.0,0.0
0.0,0.0
0.0,0.0
0.0,0.0
0.0,0.0
0.0,0.0
0.0,0.0
0.0,0.0
0.0,0.0
0.0,0.0
0.0,0.0
0.0,0.0
0.0,0.0
0.0,0.0
0.0,0.0
0.0,0.0
0.0,0.0
0.0,0.0
0.0,0.0
0.0,0.0
0.0,0.0
0.0,0.0
0.0,0.0
0.0,0.0
0.0,0.0
0.0,0.0
0.0,0.0
0.0,0.0
0.0,0.0
0.0,0.0
0.0,0.0
0.0,0.0
0.0,0.0
0.0,0.0
0.0,0.0
0.0,0.0
0.0,0.0
0.0,0.0
0.0,0.0
0.0,0.0
0.0,0.0
0.0,0.0
0.0,0.0
0.0,0.0
0.0,0.0
0.0,0.0
0.0,0.0
0.0,0.0
0.0,0.0
0.0,0.0
0.0,0.0
0.0,0.0
0.0,0.0
0.0,0.0
0.0,0.0
0.0,0.0
0.0,0.0
0.0,0.0
0.0,0.0
0.0,0.0
0.0,0.0
0.0,0.0
0.0,0.0
0.0,0.0
0.0,0.0
0.0,0.0
0.0,0.0
0.0,0.0
0.0,0.0
0.0,0.0
0.0,0.0
0.0,0.0
0.0,0.0
0.0,0.0
0.0,0.0
0.0,0.0
0.0,0.0
0.0,0.0
0.0,0.0
0.0,0.0
0.0,0.0
0.0,0.0
0.0,0.0
0.0,0.0
0.0,0.0
0.0,0.0
0.0,0.0
0.0,0.0
0.0,0.0
0.0,0.0
0.0,0.0
0.0,0.0
0.0,0.0
0.0,0.0
0.0,0.0
0.0,0.0
0.0,0.0
0.0,0.0
0.0,0.0
0.0,0.0
0.0,0.0
0.0,0.0
0.0,0.0
0.0,0.0
0.0,0.0
0.0,0.0
0.0,0.0
0.0,0.0
0.0,0.0
0.0,0.0
0.0,0.0
0.0,0.0
0.0,0.0
0.0,0.0
0.0,0.0
0.0,0.0
0.0,0.0
0.0,0.0
0.0,0.0
0.0,0.0
0.0,0.0
0.0,0.0
0.0,0.0
0.0,0.0
0.0,0.0
0.0,0.0
0.0,0.0
0.0,0.0
0.0,0.0
0.0,0.0
0.0,0.0
0.0,0.0
0.0,0.0
0.0,0.0
0.0,0.0
0.0,0.0
0.0,0.0
0.0,0.0
0.0,0.0
0.0,0.0
0.0,0.0
0.0,0.0
0.0,0.0
0.0,0.0
0.0,0.0
0.0,0.0
0.0,0.0
0.0,0.0
0.0,0.0
0.0,0.0
0.0,0.0
0.0,0.0
0.0,0.0
0.0,0.0
0.0,0.0
0.0,0.0
0.0,0.0
0.0,0.0
0.0,0.0
0.0,0.0
0.0,0.0
0.0,0.0
0.0,0.0
0.0,0.0
0.0,0.0
0.0,0.0
0.0,0.0
0.0,0.0
0.017591111361980438,0.0
0.017002485692501068,0.0
0.020795533433556557,0.0
0.020190926268696785,0.0
0.015250969678163528,0.0
0.014753203839063644,0.0
0.01427458319813013,0.0
0.013814371079206467,0.0
0.017730891704559326,0.0
0.017245011404156685,0.0
0.021137278527021408,0.0
0.024987535551190376,0.0
0.024438796564936638,0.0
0.028271101415157318,0.0
0.032064925879240036,0.0
0.03582180663943291,0.0
0.03954359516501427,0.0
0.04323207214474678,0.0
0.03817087411880493,0.0
0.03320049121975899,0.0
0.028317000716924667,0.0
0.027875667437911034,0.0
0.031812477856874466,0.0
0.035707276314496994,0.0
0.03084404021501541,0.0
0.026063576340675354,0.0
0.021362274885177612,0.0
0.016737036406993866,0.0
0.003465705318376422,0.0
0.0,0.0
0.0,0.0
0.0005982633447274566,0.0
0.0005782445659860969,0.0
0.0,0.0
0.0,0.0
0.0,0.0
0.0,0.0
0.0,0.0
0.0,0.0
0.0,0.0
0.0,0.0
0.0,0.0
0.0,0.0
0.0,0.0
0.0,0.0
0.0,0.0
0.0,0.0
0.0,0.0
0.0,0.0
0.0,0.0
0.0,0.0
0.0,0.0
0.0,0.0
0.0,0.0
0.0,0.0
0.0,0.0
0.0,0.0
0.0,0.0
0.0,0.0
0.0,0.0
0.0,0.0
0.0,0.0
0.0,0.0
0.0,0.0
0.0,0.0
0.0,0.0
0.0,0.0
0.0,0.0
0.0,0.0
0.0,0.0
0.0,0.0
0.0,0.0
0.0,0.0
0.0,0.0
0.0,0.0
0.0,0.0
0.0,0.0
0.0,0.0
0.0,0.0
0.0,0.0
0.0,0.0
0.0,0.0
0.0,0.0
0.0,0.0
0.0,0.0
0.0,0.0
0.0,0.0
0.0,0.0
0.0,0.0
0.0,0.0
0.0,0.0
0.0,0.0
0.0,0.0
0.0,0.0
0.0,0.0
0.0,0.0
0.0,0.0
0.0,0.0
0.0,0.0
0.0,0.0
0.0,0.0
0.0,0.0
0.0,0.0
0.0,0.0
0.0,0.0
0.0,0.0
0.0,0.0
0.0,0.0
0.0,0.0
0.0,0.0
0.0,0.0
0.0,0.0
0.0,0.0
0.0,0.0
0.0,0.0
0.0,0.0
0.0,0.0
0.0,0.0
0.0,0.0
0.0,0.0
0.0,0.0
0.0,0.0
0.0,0.0
0.0,0.0
0.0,0.0
0.0,0.0
0.0,0.0
0.0,0.0
0.034961674362421036,0.0
0.04250986874103546,0.0
0.04562324658036232,0.0
0.04872462898492813,0.0
0.051815640181303024,0.0
0.050537705421447754,0.0
0.049311064183712006,0.0
0.06121083348989487,0.0
0.06861744821071625,0.0
0.0672394409775734,0.0
0.057201024144887924,0.0
0.04733807221055031,0.0
0.04636141285300255,0.0
0.032348163425922394,0.0
0.03163137659430504,0.0
0.026584412902593613,0.0
0.030343642458319664,0.0
0.029707375913858414,0.0
0.02909686230123043,0.0
0.028511110693216324,0.0
0.03230782970786095,0.0
0.04042646661400795,0.0
0.04409005865454674,0.0
0.0433635413646698,0.0
0.04266795888543129,0.0
0.046361152082681656,0.0
0.05438121780753136,0.0
0.053593069314956665,0.0
0.052839506417512894,0.0
0.043401509523391724,0.0
0.04719298705458641,0.0
0.04659029096364975,0.0
0.041655588895082474,0.015923544764518738
0.036807265132665634,0.0161434318870306
0.03640059754252434,0.016356315463781357
0.03165353089570999,0.0165302325040102
0.03134380280971527,0.01669875904917717
0.03540758043527603,0.01689436286687851
0.04378392547369003,0.017148450016975403
0.04769621789455414,0.01742696389555931
0.05156951770186424,0.017729198560118675
0.0554053820669651,0.01805434376001358
0.05920568108558655,0.018401922658085823
0.06297221034765244,0.01877167820930481
0.06670669466257095,0.0191612858325243
0.0616927295923233,0.019507508724927902
0.05677075311541557,0.019811104983091354
0.060654863715171814,0.020137974992394447
0.05578434467315674,0.020423274487257004
0.055358897894620895,0.02070009522140026
0.0549553744494915,0.02096906304359436
0.06329099088907242,0.021295154467225075
0.05408996343612671,0.02154727093875408
0.05375276505947113,0.02179247885942459
0.0534340925514698,0.022031133994460106
0.05749226361513138,0.02229555882513523
0.052789106965065,0.0225205197930336
0.04816555976867676,0.022707249969244003
0.04797716066241264,0.022889574989676476
0.04780113697052002,0.023067420348525047
0.04327797889709473,0.02320859581232071
0.034467991441488266,0.02328217588365078
0.030145686119794846,0.023322615772485733
0.030245235189795494,0.023363251239061356
0.025985341519117355,0.023371892049908638
0.021785443648695946,0.02334936335682869
0.013283771462738514,0.023264270275831223
0.00925652589648962,0.023151740431785583
0.0052782511338591576,0.023010825738310814
0.0,0.022779423743486404
0.0,0.022524382919073105
0.0,0.022311339154839516
0.0,0.022105839103460312
0.0,0.02184371091425419
0.0,0.021558744832873344
0.0,0.021283907815814018
0.0,0.02101866714656353
0.0,0.02069840580224991
0.0,0.02035674825310707
0.0,0.02005915343761444
0.0,0.019803913310170174
0.0,0.019621901214122772
0.0,0.019478654488921165
0.0,0.019372625276446342
0.0,0.019238237291574478
0.0,0.01914087124168873
0.0,0.019079308956861496
0.0,0.019020089879631996
0.0,0.01899546943604946
0.0,0.018971988931298256
0.00434583704918623,0.018982162699103355
0.004371361341327429,0.018991727381944656
3.77257056243252e-05,0.01896943338215351
0.00012338938540779054,0.01894821971654892
0.004565218463540077,0.018960265442728996
0.0045848689042031765,0.018972301855683327
0.004604618065059185,0.01898430474102497
0.008983494713902473,0.0190285537391901
0.00022497728059533983,0.01900717057287693
0.0,0.018954617902636528
0.0,0.01890549436211586
0.0006255486514419317,0.018887726590037346
0.0006953190895728767,0.01887216977775097
0.005121865775436163,0.0188897754997015
0.013844513334333897,0.01897158846259117
0.026806458830833435,0.01914793998003006
0.03959300369024277,0.01941579394042492
0.0522129125893116,0.0197722427546978
0.055955447256565094,0.020150065422058105
0.068384550511837,0.02061319351196289
0.07194569706916809,0.021094273775815964
0.07548440247774124,0.02159307338297367
0.07900197058916092,0.022108977660536766
0.08685865998268127,0.022673839703202248
0.09027684479951859,0.023253917694091797
0.10239865630865097,0.023913616314530373
0.10566780716180801,0.024585293605923653
0.10457056760787964,0.025237280875444412
0.10788610577583313,0.025902096182107925
0.11555157601833344,0.02661188878118992
0.11443102359771729,0.027300765737891197
0.1177254244685173,0.028001902624964714
0.12101320922374725,0.028714697808027267
0.1199360117316246,0.029407262802124023
0.1189139261841774,0.030079727992415428
0.11794482916593552,0.030733635649085045
0.11266764253377914,0.03133630380034447
0.11185886710882187,0.031928375363349915
0.11109444499015808,0.032493315637111664
0.11037267744541168,0.03304852545261383
0.1053328812122345,0.03355653956532478
0.1003929004073143,0.03402043506503105
0.09990750998258591,0.03447049856185913
0.09073549509048462,0.034846231341362
0.08607277274131775,0.03518221899867058
0.09021172672510147,0.03554006665945053
0.08995082974433899,0.03589219972491264
0.0897115096449852,0.03623530641198158
0.08949293196201324,0.03657209128141403
0.084935262799263,0.036868829280138016
0.0804571658372879,0.03712743520736694
0.076055146753788,0.03734923154115677
0.07172585278749466,0.03753526136279106
0.05874837189912796,0.037622567266225815
0.04595768824219704,0.03761361166834831
0.028987040743231773,0.037479836493730545
0.016605980694293976,0.037257466465234756
0.004385244566947222,0.03694821521639824
0.0,0.036523789167404175
0.0,0.03601979836821556
0.0,0.03543807193636894
0.0,0.03478110581636429
0.0,0.03405154496431351
0.0,0.03334834426641464
0.0,0.03247601166367531
0.0,0.031570106744766235
0.0,0.030662942677736282
0.0,0.029722271487116814
0.0,0.028748955577611923
0.0,0.027808545157313347
0.0,0.026867123320698738
0.0,0.02595710940659046
0.0,0.025077201426029205
0.0,0.02419387735426426
0.0,0.023339463397860527
0.0,0.022512752562761307
0.0,0.0
0.0,0.0
0.0,0.0
0.0,0.0
0.0,0.0
0.0,0.0
0.0,0.0
0.0,0.0
0.0,0.0
0.0,0.0
0.0,0.0
0.0,0.0
0.0,0.0
0.0,0.0
0.0,0.0
0.0,0.0
0.0,0.0
0.0,0.0
0.0,0.0
0.0,0.0
0.0,0.0
0.0,0.0
0.0,0.0
0.0,0.0
0.0,0.0
0.0,0.0
0.0,0.0
0.0,0.0
0.0,0.0
0.0,0.0
0.0,0.0
0.0,0.0
0.0,0.0
0.0,0.0
0.0,0.0
0.0,0.0
0.03229960799217224,0.0
0.040107447654008865,0.0
0.04347170516848564,0.0
0.051174573600292206,0.0
0.054438818246126175,0.0
0.057687774300575256,0.0
0.06092207878828049,0.0
0.06850249320268631,0.0
0.08472823351621628,0.0
0.09204565733671188,0.0
0.09930337220430374,0.0
0.10214514285326004,0.0
0.11371111869812012,0.0
0.12080435454845428,0.0
0.12349052727222443,0.01983659900724888
0.12619176506996155,0.020722826942801476
0.12454888224601746,0.021580981090664864
0.12733981013298035,0.02241201512515545
0.13014298677444458,0.023281706497073174
0.13295802474021912,0.02415654994547367
0.13142582774162292,0.025004809722304344
0.12560679018497467,0.025794189423322678
0.11991753429174423,0.02652735449373722
0.11435303092002869,0.027206551283597946
0.11326633393764496,0.02786576934158802
0.10787437111139297,0.02847263030707836
0.09823545813560486,0.0290625412017107
0.08876428008079529,0.029506200924515724
0.07945390045642853,0.029873302206397057
0.0790146067738533,0.03023086115717888
0.06552409380674362,0.030482256785035133
0.05223998799920082,0.030630916357040405
0.043511372059583664,0.030712692067027092
0.034910351037979126,0.030729781836271286
0.030790193006396294,0.030715854838490486
0.013649213127791882,0.03057575225830078
0.0011017514625564218,0.030345484614372253
0.0,0.03006022796034813
0.0,0.029689395800232887
0.0,0.029300061985850334
0.0,0.0287637822329998
0.0,0.028149517253041267
0.0,0.027492094784975052
0.0,0.026792557910084724
0.0,0.02611703984439373
0.0,0.025463970378041267
0.0,0.024800611659884453
0.0,0.024129822850227356
0.0,0.023411931470036507
0.0,0.0226873941719532
0.0,0.021889636293053627
0.0,0.02111765369772911
0.0,0.0
0.0,0.0
0.0,0.0
0.0,0.0
0.0,0.0
0.0,0.0
0.0,0.0
0.0,0.0
0.0,0.0
0.0,0.0
0.0,0.0
0.0,0.0
0.0,0.0
0.0,0.0
0.0,0.0
0.0,0.0
0.0,0.0
0.0,0.0
0.0,0.0
0.0,0.0
0.0,0.0
0.0,0.0
0.0,0.0
0.0,0.0
0.0,0.0
0.0,0.0
0.0,0.0
0.0,0.0
0.0,0.0
0.0,0.0
0.0,0.0
0.0,0.0
0.0,0.0
0.0,0.0
0.0,0.0
0.0,0.0
0.0,0.0
0.025617700070142746,0.0
0.03356402739882469,0.0
0.041419316083192825,0.0
0.049188654869794846,0.0
0.056875843554735184,0.0
0.06012548878788948,0.0
0.06772065907716751,0.0
0.07524251192808151,0.0
0.08269472420215607,0.0
0.09008045494556427,0.0
0.09740385413169861,0.0
0.10030877590179443,0.0
0.10321778059005737,0.0
0.10177211463451385,0.0
0.10475011169910431,0.018866198137402534
0.10773059725761414,0.019600890576839447
0.10635451227426529,0.020344486460089684
0.10940064489841461,0.021064627915620804
0.10808811336755753,0.021794449537992477
0.10683674365282059,0.02250153012573719
0.11000321805477142,0.023186814039945602
0.11316585540771484,0.02388329617679119
0.11632522940635681,0.024590861052274704
0.11512286216020584,0.025309287011623383
0.11833737045526505,0.026005961000919342
0.11283013969659805,0.026713959872722626
0.10743949562311172,0.02736879326403141
0.10216087847948074,0.027972424402832985
0.0926305279135704,0.028525905683636665
0.08762233704328537,0.02899940311908722
0.07835110276937485,0.02942747436463833
0.06923138350248337,0.029779409989714622
0.06025686860084534,0.030057856813073158
0.05142148584127426,0.030265383422374725
0.047077324241399765,0.03040340729057789
0.042799390852451324,0.030507367104291916
0.03858470916748047,0.030578356236219406
0.030071387067437172,0.030616678297519684
0.021676471456885338,0.030591575428843498
0.013393811881542206,0.030505310744047165
0.005218602251261473,0.030359484255313873
0.0015052618691697717,0.030156074091792107
0.0,0.029928887262940407
0.0,0.0296464990824461
0.0,0.029310736805200577
0.0,0.02892325632274151
0.0,0.0284854955971241
0.0,0.027966802939772606
0.0,0.02743377350270748
0.0,0.026887519285082817
0.0,0.026327401399612427
0.0,0.025689808651804924
0.0,0.02500930428504944
0.0,0.024286961182951927
0.0,0.023524092510342598
0.0,0.022753950208425522
0.0,0.021976705640554428
0.0,0.0211923960596323
0.0,0.0
0.0,0.0
0.0,0.0
0.0,0.0
0.0,0.0
0.0,0.0
0.0,0.0
0.0,0.0
0.0,0.0
0.0,0.0
0.0,0.0
0.0,0.0
0.0,0.0
0.0,0.0
0.0,0.0
0.0,0.0
0.0,0.0
0.0,0.0
0.0,0.0
0.0,0.0
0.0,0.0
0.0,0.0
0.0,0.0
0.0,0.0
0.0,0.0
0.0,0.0
0.0,0.0
0.0,0.0
0.0,0.0
0.0,0.0
0.0,0.0
0.0,0.0
0.0,0.0
0.0,0.0
0.0,0.0
0.0,0.0
0.0,0.0
0.0,0.0
0.0,0.0
0.0,0.0
0.0,0.0
0.0,0.0
0.0,0.0
0.0,0.0
0.0,0.0
0.0,0.0
0.0,0.0
0.0,0.0
0.0,0.0
0.0,0.0
0.0,0.0
0.0,0.0
0.0,0.0
0.0,0.0
0.0,0.0
0.0,0.0
0.0,0.0
0.0,0.0
0.0,0.0
0.0,0.0
0.0,0.0
0.0,0.0
0.0,0.0
0.0,0.0
0.0,0.0
0.0,0.0
0.0,0.0
0.0,0.0
0.0,0.0
0.0,0.0
0.0,0.0
0.0,0.0
0.0,0.0
0.0,0.0
0.0,0.0
0.0,0.0
0.0,0.0
0.0,0.0
0.0,0.0
0.0,0.0
0.0,0.0
0.0,0.0
0.0,0.0
0.0,0.0
0.0,0.0
0.0,0.0
0.0,0.0
0.0,0.0
0.0,0.0
0.0,0.0
0.0,0.0
0.0,0.0
0.0,0.0
0.0,0.0
0.0,0.0
0.0,0.0
0.0,0.0
0.0,0.0
0.0,0.0
0.0,0.0
0.0,0.0
0.0,0.0
0.0,0.0
0.0,0.0
0.0,0.0
0.0,0.0
0.0,0.0
0.0,0.0
0.0,0.0
0.0,0.0
0.0,0.0
0.0,0.0
0.0,0.0
0.0,0.0
0.0,0.0
0.0,0.0
0.0,0.0
0.0,0.0
0.0,0.0
0.0,0.0
0.0,0.0
0.0,0.0
0.23862306773662567,0.0
0.2394760400056839,0.0
0.24487018585205078,0.0
0.25038009881973267,0.0
0.0,0.0
0.0,0.0
0.0,0.0
0.0,0.0
0.0,0.0
0.0,0.0
0.0,0.0
0.0,0.0
0.0,0.0
0.0,0.0
0.0,0.0
0.0,0.0
0.0,0.0
0.0,0.0
0.0,0.0
0.0,0.0
0.0,0.0
0.0,0.0
0.0,0.0
0.0,0.0
0.0,0.0
0.0,0.0
0.0,0.0
0.0,0.0
0.0,0.0
0.0,0.0
0.0,0.0
0.0,0.0
0.0,0.0
0.0,0.0
0.0,0.0
0.0,0.0
0.0,0.0
0.0,0.0
0.0,0.0
0.0,0.0
0.0,0.0
0.0,0.0
0.0,0.0
0.0,0.0
0.0,0.0
0.0,0.0
0.0,0.0
0.0,0.0
0.0,0.0
0.0,0.0
0.0,0.0
0.0,0.0
0.0,0.0
0.0,0.0
0.0,0.0
0.0,0.0
0.0,0.0
0.0,0.0
0.0,0.0
0.0,0.0
0.0,0.0
0.0,0.0
0.0,0.0
0.0,0.0
0.0,0.0
0.0,0.0
0.0,0.0
0.0,0.0
0.0,0.0
0.0,0.0
0.0,0.0
0.0,0.0
0.0,0.0
0.0,0.0
0.0,0.0
0.0,0.0
0.0,0.0
0.0,0.0
0.0,0.0
0.0,0.0
0.0,0.0
0.0,0.0
0.0,0.0
0.0,0.0
0.0,0.0
0.0,0.0
0.0,0.0
0.0,0.0
0.0,0.0
0.0,0.0
0.0,0.0
0.0,0.0
0.0,0.0
0.0,0.0
0.0,0.0
0.0,0.0
0.0,0.0
0.0,0.0
0.0,0.0
